artists,available_markets,disc_number,duration_ms,explicit,href,id,is_local,name,popularity,preview_url,track_number,type,uri,album.album_type,album.artists,album.available_markets,album.external_urls.spotify,album.href,album.id,album.images,album.name,album.release_date,album.release_date_precision,album.total_tracks,album.type,album.uri,external_ids.isrc,external_urls.spotify
"[{'external_urls': {'spotify': 'https://open.spotify.com/artist/4gzpq5DPGxSnKTe4SA8HAU'}, 'href': 'https://api.spotify.com/v1/artists/4gzpq5DPGxSnKTe4SA8HAU', 'id': '4gzpq5DPGxSnKTe4SA8HAU', 'name': 'Coldplay', 'type': 'artist', 'uri': 'spotify:artist:4gzpq5DPGxSnKTe4SA8HAU'}, {'external_urls': {'spotify': 'https://open.spotify.com/artist/7yxi31szvlbwvKq9dYOmFI'}, 'href': 'https://api.spotify.com/v1/artists/7yxi31szvlbwvKq9dYOmFI', 'id': '7yxi31szvlbwvKq9dYOmFI', 'name': 'Jon Hopkins', 'type': 'artist', 'uri': 'spotify:artist:7yxi31szvlbwvKq9dYOmFI'}]","['AR', 'AU', 'AT', 'BE', 'BO', 'BR', 'BG', 'CA', 'CL', 'CO', 'CR', 'CY', 'CZ', 'DK', 'DO', 'DE', 'EC', 'EE', 'SV', 'FI', 'FR', 'GR', 'GT', 'HN', 'HK', 'HU', 'IS', 'IE', 'IT', 'LV', 'LT', 'LU', 'MY', 'MT', 'MX', 'NL', 'NZ', 'NI', 'NO', 'PA', 'PY', 'PE', 'PH', 'PL', 'PT', 'SG', 'SK', 'ES', 'SE', 'CH', 'TW', 'TR', 'UY', 'US', 'GB', 'AD', 'LI', 'MC', 'ID', 'JP', 'TH', 'VN', 'RO', 'IL', 'ZA', 'SA', 'AE', 'BH', 'QA', 'OM', 'KW', 'EG', 'MA', 'DZ', 'TN', 'LB', 'JO', 'PS', 'IN', 'KZ', 'MD', 'UA', 'AL', 'BA', 'HR', 'ME', 'MK', 'RS', 'SI', 'KR', 'BD', 'PK', 'LK', 'GH', 'KE', 'NG', 'TZ', 'UG', 'AG', 'AM', 'BS', 'BB', 'BZ', 'BT', 'BW', 'BF', 'CV', 'CW', 'DM', 'FJ', 'GM', 'GE', 'GD', 'GW', 'GY', 'HT', 'JM', 'KI', 'LS', 'LR', 'MW', 'MV', 'ML', 'MH', 'FM', 'NA', 'NR', 'NE', 'PW', 'PG', 'PR', 'WS', 'SM', 'ST', 'SN', 'SC', 'SL', 'SB', 'KN', 'LC', 'VC', 'SR', 'TL', 'TO', 'TT', 'TV', 'VU', 'AZ', 'BN', 'BI', 'KH', 'CM', 'TD', 'KM', 'GQ', 'SZ', 'GA', 'GN', 'KG', 'LA', 'MO', 'MR', 'MN', 'NP', 'RW', 'TG', 'UZ', 'ZW', 'BJ', 'MG', 'MU', 'MZ', 'AO', 'CI', 'DJ', 'ZM', 'CD', 'CG', 'IQ', 'LY', 'TJ', 'VE', 'ET', 'XK']",1,276476,False,https://api.spotify.com/v1/tracks/41FNZsY7w7KaTQ2bjxdR6w,41FNZsY7w7KaTQ2bjxdR6w,False,MOON MUSiC,65,https://p.scdn.co/mp3-preview/97c0d1d25a8597161d97d568f456b1b0d3752692?cid=bfaf8650fa0a49fdbffc0ef34701d693,1,track,spotify:track:41FNZsY7w7KaTQ2bjxdR6w,album,"[{'external_urls': {'spotify': 'https://open.spotify.com/artist/4gzpq5DPGxSnKTe4SA8HAU'}, 'href': 'https://api.spotify.com/v1/artists/4gzpq5DPGxSnKTe4SA8HAU', 'id': '4gzpq5DPGxSnKTe4SA8HAU', 'name': 'Coldplay', 'type': 'artist', 'uri': 'spotify:artist:4gzpq5DPGxSnKTe4SA8HAU'}]","['AR', 'AU', 'AT', 'BE', 'BO', 'BR', 'BG', 'CA', 'CL', 'CO', 'CR', 'CY', 'CZ', 'DK', 'DO', 'DE', 'EC', 'EE', 'SV', 'FI', 'FR', 'GR', 'GT', 'HN', 'HK', 'HU', 'IS', 'IE', 'IT', 'LV', 'LT', 'LU', 'MY', 'MT', 'MX', 'NL', 'NZ', 'NI', 'NO', 'PA', 'PY', 'PE', 'PH', 'PL', 'PT', 'SG', 'SK', 'ES', 'SE', 'CH', 'TW', 'TR', 'UY', 'US', 'GB', 'AD', 'LI', 'MC', 'ID', 'JP', 'TH', 'VN', 'RO', 'IL', 'ZA', 'SA', 'AE', 'BH', 'QA', 'OM', 'KW', 'EG', 'MA', 'DZ', 'TN', 'LB', 'JO', 'PS', 'IN', 'KZ', 'MD', 'UA', 'AL', 'BA', 'HR', 'ME', 'MK', 'RS', 'SI', 'KR', 'BD', 'PK', 'LK', 'GH', 'KE', 'NG', 'TZ', 'UG', 'AG', 'AM', 'BS', 'BB', 'BZ', 'BT', 'BW', 'BF', 'CV', 'CW', 'DM', 'FJ', 'GM', 'GE', 'GD', 'GW', 'GY', 'HT', 'JM', 'KI', 'LS', 'LR', 'MW', 'MV', 'ML', 'MH', 'FM', 'NA', 'NR', 'NE', 'PW', 'PG', 'PR', 'WS', 'SM', 'ST', 'SN', 'SC', 'SL', 'SB', 'KN', 'LC', 'VC', 'SR', 'TL', 'TO', 'TT', 'TV', 'VU', 'AZ', 'BN', 'BI', 'KH', 'CM', 'TD', 'KM', 'GQ', 'SZ', 'GA', 'GN', 'KG', 'LA', 'MO', 'MR', 'MN', 'NP', 'RW', 'TG', 'UZ', 'ZW', 'BJ', 'MG', 'MU', 'MZ', 'AO', 'CI', 'DJ', 'ZM', 'CD', 'CG', 'IQ', 'LY', 'TJ', 'VE', 'ET', 'XK']",https://open.spotify.com/album/5SGtrmYbIo0Dsg4kJ4qjM6,https://api.spotify.com/v1/albums/5SGtrmYbIo0Dsg4kJ4qjM6,5SGtrmYbIo0Dsg4kJ4qjM6,"[{'url': 'https://i.scdn.co/image/ab67616d0000b27309ba52a5116e0c3e8461f58b', 'width': 640, 'height': 640}, {'url': 'https://i.scdn.co/image/ab67616d00001e0209ba52a5116e0c3e8461f58b', 'width': 300, 'height': 300}, {'url': 'https://i.scdn.co/image/ab67616d0000485109ba52a5116e0c3e8461f58b', 'width': 64, 'height': 64}]",Moon Music,2024-10-04,day,10,album,spotify:album:5SGtrmYbIo0Dsg4kJ4qjM6,GBAYE2400882,https://open.spotify.com/track/41FNZsY7w7KaTQ2bjxdR6w
"[{'external_urls': {'spotify': 'https://open.spotify.com/artist/4gzpq5DPGxSnKTe4SA8HAU'}, 'href': 'https://api.spotify.com/v1/artists/4gzpq5DPGxSnKTe4SA8HAU', 'id': '4gzpq5DPGxSnKTe4SA8HAU', 'name': 'Coldplay', 'type': 'artist', 'uri': 'spotify:artist:4gzpq5DPGxSnKTe4SA8HAU'}]","['AR', 'AU', 'AT', 'BE', 'BO', 'BR', 'BG', 'CA', 'CL', 'CO', 'CR', 'CY', 'CZ', 'DK', 'DO', 'DE', 'EC', 'EE', 'SV', 'FI', 'FR', 'GR', 'GT', 'HN', 'HK', 'HU', 'IS', 'IE', 'IT', 'LV', 'LT', 'LU', 'MY', 'MT', 'MX', 'NL', 'NZ', 'NI', 'NO', 'PA', 'PY', 'PE', 'PH', 'PL', 'PT', 'SG', 'SK', 'ES', 'SE', 'CH', 'TW', 'TR', 'UY', 'US', 'GB', 'AD', 'LI', 'MC', 'ID', 'JP', 'TH', 'VN', 'RO', 'IL', 'ZA', 'SA', 'AE', 'BH', 'QA', 'OM', 'KW', 'EG', 'MA', 'DZ', 'TN', 'LB', 'JO', 'PS', 'IN', 'KZ', 'MD', 'UA', 'AL', 'BA', 'HR', 'ME', 'MK', 'RS', 'SI', 'KR', 'BD', 'PK', 'LK', 'GH', 'KE', 'NG', 'TZ', 'UG', 'AG', 'AM', 'BS', 'BB', 'BZ', 'BT', 'BW', 'BF', 'CV', 'CW', 'DM', 'FJ', 'GM', 'GE', 'GD', 'GW', 'GY', 'HT', 'JM', 'KI', 'LS', 'LR', 'MW', 'MV', 'ML', 'MH', 'FM', 'NA', 'NR', 'NE', 'PW', 'PG', 'PR', 'WS', 'SM', 'ST', 'SN', 'SC', 'SL', 'SB', 'KN', 'LC', 'VC', 'SR', 'TL', 'TO', 'TT', 'TV', 'VU', 'AZ', 'BN', 'BI', 'KH', 'CM', 'TD', 'KM', 'GQ', 'SZ', 'GA', 'GN', 'KG', 'LA', 'MO', 'MR', 'MN', 'NP', 'RW', 'TG', 'UZ', 'ZW', 'BJ', 'MG', 'MU', 'MZ', 'AO', 'CI', 'DJ', 'ZM', 'CD', 'CG', 'IQ', 'LY', 'TJ', 'VE', 'ET', 'XK']",1,236230,False,https://api.spotify.com/v1/tracks/49S3znqBAQyPyMpEuKeyJ6,49S3znqBAQyPyMpEuKeyJ6,False,feelslikeimfallinginlove,64,https://p.scdn.co/mp3-preview/0876ed1ac8166bf9c09a1007eb3d2c78db0cd117?cid=bfaf8650fa0a49fdbffc0ef34701d693,2,track,spotify:track:49S3znqBAQyPyMpEuKeyJ6,album,"[{'external_urls': {'spotify': 'https://open.spotify.com/artist/4gzpq5DPGxSnKTe4SA8HAU'}, 'href': 'https://api.spotify.com/v1/artists/4gzpq5DPGxSnKTe4SA8HAU', 'id': '4gzpq5DPGxSnKTe4SA8HAU', 'name': 'Coldplay', 'type': 'artist', 'uri': 'spotify:artist:4gzpq5DPGxSnKTe4SA8HAU'}]","['AR', 'AU', 'AT', 'BE', 'BO', 'BR', 'BG', 'CA', 'CL', 'CO', 'CR', 'CY', 'CZ', 'DK', 'DO', 'DE', 'EC', 'EE', 'SV', 'FI', 'FR', 'GR', 'GT', 'HN', 'HK', 'HU', 'IS', 'IE', 'IT', 'LV', 'LT', 'LU', 'MY', 'MT', 'MX', 'NL', 'NZ', 'NI', 'NO', 'PA', 'PY', 'PE', 'PH', 'PL', 'PT', 'SG', 'SK', 'ES', 'SE', 'CH', 'TW', 'TR', 'UY', 'US', 'GB', 'AD', 'LI', 'MC', 'ID', 'JP', 'TH', 'VN', 'RO', 'IL', 'ZA', 'SA', 'AE', 'BH', 'QA', 'OM', 'KW', 'EG', 'MA', 'DZ', 'TN', 'LB', 'JO', 'PS', 'IN', 'KZ', 'MD', 'UA', 'AL', 'BA', 'HR', 'ME', 'MK', 'RS', 'SI', 'KR', 'BD', 'PK', 'LK', 'GH', 'KE', 'NG', 'TZ', 'UG', 'AG', 'AM', 'BS', 'BB', 'BZ', 'BT', 'BW', 'BF', 'CV', 'CW', 'DM', 'FJ', 'GM', 'GE', 'GD', 'GW', 'GY', 'HT', 'JM', 'KI', 'LS', 'LR', 'MW', 'MV', 'ML', 'MH', 'FM', 'NA', 'NR', 'NE', 'PW', 'PG', 'PR', 'WS', 'SM', 'ST', 'SN', 'SC', 'SL', 'SB', 'KN', 'LC', 'VC', 'SR', 'TL', 'TO', 'TT', 'TV', 'VU', 'AZ', 'BN', 'BI', 'KH', 'CM', 'TD', 'KM', 'GQ', 'SZ', 'GA', 'GN', 'KG', 'LA', 'MO', 'MR', 'MN', 'NP', 'RW', 'TG', 'UZ', 'ZW', 'BJ', 'MG', 'MU', 'MZ', 'AO', 'CI', 'DJ', 'ZM', 'CD', 'CG', 'IQ', 'LY', 'TJ', 'VE', 'ET', 'XK']",https://open.spotify.com/album/5SGtrmYbIo0Dsg4kJ4qjM6,https://api.spotify.com/v1/albums/5SGtrmYbIo0Dsg4kJ4qjM6,5SGtrmYbIo0Dsg4kJ4qjM6,"[{'url': 'https://i.scdn.co/image/ab67616d0000b27309ba52a5116e0c3e8461f58b', 'width': 640, 'height': 640}, {'url': 'https://i.scdn.co/image/ab67616d00001e0209ba52a5116e0c3e8461f58b', 'width': 300, 'height': 300}, {'url': 'https://i.scdn.co/image/ab67616d0000485109ba52a5116e0c3e8461f58b', 'width': 64, 'height': 64}]",Moon Music,2024-10-04,day,10,album,spotify:album:5SGtrmYbIo0Dsg4kJ4qjM6,GBAYE2400891,https://open.spotify.com/track/49S3znqBAQyPyMpEuKeyJ6
"[{'external_urls': {'spotify': 'https://open.spotify.com/artist/4gzpq5DPGxSnKTe4SA8HAU'}, 'href': 'https://api.spotify.com/v1/artists/4gzpq5DPGxSnKTe4SA8HAU', 'id': '4gzpq5DPGxSnKTe4SA8HAU', 'name': 'Coldplay', 'type': 'artist', 'uri': 'spotify:artist:4gzpq5DPGxSnKTe4SA8HAU'}, {'external_urls': {'spotify': 'https://open.spotify.com/artist/6eXZu6O7nAUA5z6vLV8NKI'}, 'href': 'https://api.spotify.com/v1/artists/6eXZu6O7nAUA5z6vLV8NKI', 'id': '6eXZu6O7nAUA5z6vLV8NKI', 'name': 'Little Simz', 'type': 'artist', 'uri': 'spotify:artist:6eXZu6O7nAUA5z6vLV8NKI'}, {'external_urls': {'spotify': 'https://open.spotify.com/artist/3wcj11K77LjEY1PkEazffa'}, 'href': 'https://api.spotify.com/v1/artists/3wcj11K77LjEY1PkEazffa', 'id': '3wcj11K77LjEY1PkEazffa', 'name': 'Burna Boy', 'type': 'artist', 'uri': 'spotify:artist:3wcj11K77LjEY1PkEazffa'}, {'external_urls': {'spotify': 'https://open.spotify.com/artist/0jIWKlfmD4Ew7HeVVrq03g'}, 'href': 'https://api.spotify.com/v1/artists/0jIWKlfmD4Ew7HeVVrq03g', 'id': '0jIWKlfmD4Ew7HeVVrq03g', 'name': 'Elyanna', 'type': 'artist', 'uri': 'spotify:artist:0jIWKlfmD4Ew7HeVVrq03g'}, {'external_urls': {'spotify': 'https://open.spotify.com/artist/7vXDAI8JwjW531ouMGbfcp'}, 'href': 'https://api.spotify.com/v1/artists/7vXDAI8JwjW531ouMGbfcp', 'id': '7vXDAI8JwjW531ouMGbfcp', 'name': 'TINI', 'type': 'artist', 'uri': 'spotify:artist:7vXDAI8JwjW531ouMGbfcp'}]","['AR', 'AU', 'AT', 'BE', 'BO', 'BR', 'BG', 'CA', 'CL', 'CO', 'CR', 'CY', 'CZ', 'DK', 'DO', 'DE', 'EC', 'EE', 'SV', 'FI', 'FR', 'GR', 'GT', 'HN', 'HK', 'HU', 'IS', 'IE', 'IT', 'LV', 'LT', 'LU', 'MY', 'MT', 'MX', 'NL', 'NZ', 'NI', 'NO', 'PA', 'PY', 'PE', 'PH', 'PL', 'PT', 'SG', 'SK', 'ES', 'SE', 'CH', 'TW', 'TR', 'UY', 'US', 'GB', 'AD', 'LI', 'MC', 'ID', 'JP', 'TH', 'VN', 'RO', 'IL', 'ZA', 'SA', 'AE', 'BH', 'QA', 'OM', 'KW', 'EG', 'MA', 'DZ', 'TN', 'LB', 'JO', 'PS', 'IN', 'KZ', 'MD', 'UA', 'AL', 'BA', 'HR', 'ME', 'MK', 'RS', 'SI', 'KR', 'BD', 'PK', 'LK', 'GH', 'KE', 'NG', 'TZ', 'UG', 'AG', 'AM', 'BS', 'BB', 'BZ', 'BT', 'BW', 'BF', 'CV', 'CW', 'DM', 'FJ', 'GM', 'GE', 'GD', 'GW', 'GY', 'HT', 'JM', 'KI', 'LS', 'LR', 'MW', 'MV', 'ML', 'MH', 'FM', 'NA', 'NR', 'NE', 'PW', 'PG', 'PR', 'WS', 'SM', 'ST', 'SN', 'SC', 'SL', 'SB', 'KN', 'LC', 'VC', 'SR', 'TL', 'TO', 'TT', 'TV', 'VU', 'AZ', 'BN', 'BI', 'KH', 'CM', 'TD', 'KM', 'GQ', 'SZ', 'GA', 'GN', 'KG', 'LA', 'MO', 'MR', 'MN', 'NP', 'RW', 'TG', 'UZ', 'ZW', 'BJ', 'MG', 'MU', 'MZ', 'AO', 'CI', 'DJ', 'ZM', 'CD', 'CG', 'IQ', 'LY', 'TJ', 'VE', 'ET', 'XK']",1,233406,False,https://api.spotify.com/v1/tracks/7xrEnNo99wrmIs8ZK3RZMK,7xrEnNo99wrmIs8ZK3RZMK,False,WE PRAY,63,https://p.scdn.co/mp3-preview/1871a706e63f49199f5f0a93cb3eda6ec3bd531f?cid=bfaf8650fa0a49fdbffc0ef34701d693,3,track,spotify:track:7xrEnNo99wrmIs8ZK3RZMK,album,"[{'external_urls': {'spotify': 'https://open.spotify.com/artist/4gzpq5DPGxSnKTe4SA8HAU'}, 'href': 'https://api.spotify.com/v1/artists/4gzpq5DPGxSnKTe4SA8HAU', 'id': '4gzpq5DPGxSnKTe4SA8HAU', 'name': 'Coldplay', 'type': 'artist', 'uri': 'spotify:artist:4gzpq5DPGxSnKTe4SA8HAU'}]","['AR', 'AU', 'AT', 'BE', 'BO', 'BR', 'BG', 'CA', 'CL', 'CO', 'CR', 'CY', 'CZ', 'DK', 'DO', 'DE', 'EC', 'EE', 'SV', 'FI', 'FR', 'GR', 'GT', 'HN', 'HK', 'HU', 'IS', 'IE', 'IT', 'LV', 'LT', 'LU', 'MY', 'MT', 'MX', 'NL', 'NZ', 'NI', 'NO', 'PA', 'PY', 'PE', 'PH', 'PL', 'PT', 'SG', 'SK', 'ES', 'SE', 'CH', 'TW', 'TR', 'UY', 'US', 'GB', 'AD', 'LI', 'MC', 'ID', 'JP', 'TH', 'VN', 'RO', 'IL', 'ZA', 'SA', 'AE', 'BH', 'QA', 'OM', 'KW', 'EG', 'MA', 'DZ', 'TN', 'LB', 'JO', 'PS', 'IN', 'KZ', 'MD', 'UA', 'AL', 'BA', 'HR', 'ME', 'MK', 'RS', 'SI', 'KR', 'BD', 'PK', 'LK', 'GH', 'KE', 'NG', 'TZ', 'UG', 'AG', 'AM', 'BS', 'BB', 'BZ', 'BT', 'BW', 'BF', 'CV', 'CW', 'DM', 'FJ', 'GM', 'GE', 'GD', 'GW', 'GY', 'HT', 'JM', 'KI', 'LS', 'LR', 'MW', 'MV', 'ML', 'MH', 'FM', 'NA', 'NR', 'NE', 'PW', 'PG', 'PR', 'WS', 'SM', 'ST', 'SN', 'SC', 'SL', 'SB', 'KN', 'LC', 'VC', 'SR', 'TL', 'TO', 'TT', 'TV', 'VU', 'AZ', 'BN', 'BI', 'KH', 'CM', 'TD', 'KM', 'GQ', 'SZ', 'GA', 'GN', 'KG', 'LA', 'MO', 'MR', 'MN', 'NP', 'RW', 'TG', 'UZ', 'ZW', 'BJ', 'MG', 'MU', 'MZ', 'AO', 'CI', 'DJ', 'ZM', 'CD', 'CG', 'IQ', 'LY', 'TJ', 'VE', 'ET', 'XK']",https://open.spotify.com/album/5SGtrmYbIo0Dsg4kJ4qjM6,https://api.spotify.com/v1/albums/5SGtrmYbIo0Dsg4kJ4qjM6,5SGtrmYbIo0Dsg4kJ4qjM6,"[{'url': 'https://i.scdn.co/image/ab67616d0000b27309ba52a5116e0c3e8461f58b', 'width': 640, 'height': 640}, {'url': 'https://i.scdn.co/image/ab67616d00001e0209ba52a5116e0c3e8461f58b', 'width': 300, 'height': 300}, {'url': 'https://i.scdn.co/image/ab67616d0000485109ba52a5116e0c3e8461f58b', 'width': 64, 'height': 64}]",Moon Music,2024-10-04,day,10,album,spotify:album:5SGtrmYbIo0Dsg4kJ4qjM6,GBAYE2400890,https://open.spotify.com/track/7xrEnNo99wrmIs8ZK3RZMK
"[{'external_urls': {'spotify': 'https://open.spotify.com/artist/4gzpq5DPGxSnKTe4SA8HAU'}, 'href': 'https://api.spotify.com/v1/artists/4gzpq5DPGxSnKTe4SA8HAU', 'id': '4gzpq5DPGxSnKTe4SA8HAU', 'name': 'Coldplay', 'type': 'artist', 'uri': 'spotify:artist:4gzpq5DPGxSnKTe4SA8HAU'}]","['AR', 'AU', 'AT', 'BE', 'BO', 'BR', 'BG', 'CA', 'CL', 'CO', 'CR', 'CY', 'CZ', 'DK', 'DO', 'DE', 'EC', 'EE', 'SV', 'FI', 'FR', 'GR', 'GT', 'HN', 'HK', 'HU', 'IS', 'IE', 'IT', 'LV', 'LT', 'LU', 'MY', 'MT', 'MX', 'NL', 'NZ', 'NI', 'NO', 'PA', 'PY', 'PE', 'PH', 'PL', 'PT', 'SG', 'SK', 'ES', 'SE', 'CH', 'TW', 'TR', 'UY', 'US', 'GB', 'AD', 'LI', 'MC', 'ID', 'JP', 'TH', 'VN', 'RO', 'IL', 'ZA', 'SA', 'AE', 'BH', 'QA', 'OM', 'KW', 'EG', 'MA', 'DZ', 'TN', 'LB', 'JO', 'PS', 'IN', 'KZ', 'MD', 'UA', 'AL', 'BA', 'HR', 'ME', 'MK', 'RS', 'SI', 'KR', 'BD', 'PK', 'LK', 'GH', 'KE', 'NG', 'TZ', 'UG', 'AG', 'AM', 'BS', 'BB', 'BZ', 'BT', 'BW', 'BF', 'CV', 'CW', 'DM', 'FJ', 'GM', 'GE', 'GD', 'GW', 'GY', 'HT', 'JM', 'KI', 'LS', 'LR', 'MW', 'MV', 'ML', 'MH', 'FM', 'NA', 'NR', 'NE', 'PW', 'PG', 'PR', 'WS', 'SM', 'ST', 'SN', 'SC', 'SL', 'SB', 'KN', 'LC', 'VC', 'SR', 'TL', 'TO', 'TT', 'TV', 'VU', 'AZ', 'BN', 'BI', 'KH', 'CM', 'TD', 'KM', 'GQ', 'SZ', 'GA', 'GN', 'KG', 'LA', 'MO', 'MR', 'MN', 'NP', 'RW', 'TG', 'UZ', 'ZW', 'BJ', 'MG', 'MU', 'MZ', 'AO', 'CI', 'DJ', 'ZM', 'CD', 'CG', 'IQ', 'LY', 'TJ', 'VE', 'ET', 'XK']",1,240508,False,https://api.spotify.com/v1/tracks/3EbRbM7qyJq9qjRqDIwBTO,3EbRbM7qyJq9qjRqDIwBTO,False,JUPiTER,63,https://p.scdn.co/mp3-preview/8bb674de105ec484c01b366645f0570b97be3793?cid=bfaf8650fa0a49fdbffc0ef34701d693,4,track,spotify:track:3EbRbM7qyJq9qjRqDIwBTO,album,"[{'external_urls': {'spotify': 'https://open.spotify.com/artist/4gzpq5DPGxSnKTe4SA8HAU'}, 'href': 'https://api.spotify.com/v1/artists/4gzpq5DPGxSnKTe4SA8HAU', 'id': '4gzpq5DPGxSnKTe4SA8HAU', 'name': 'Coldplay', 'type': 'artist', 'uri': 'spotify:artist:4gzpq5DPGxSnKTe4SA8HAU'}]","['AR', 'AU', 'AT', 'BE', 'BO', 'BR', 'BG', 'CA', 'CL', 'CO', 'CR', 'CY', 'CZ', 'DK', 'DO', 'DE', 'EC', 'EE', 'SV', 'FI', 'FR', 'GR', 'GT', 'HN', 'HK', 'HU', 'IS', 'IE', 'IT', 'LV', 'LT', 'LU', 'MY', 'MT', 'MX', 'NL', 'NZ', 'NI', 'NO', 'PA', 'PY', 'PE', 'PH', 'PL', 'PT', 'SG', 'SK', 'ES', 'SE', 'CH', 'TW', 'TR', 'UY', 'US', 'GB', 'AD', 'LI', 'MC', 'ID', 'JP', 'TH', 'VN', 'RO', 'IL', 'ZA', 'SA', 'AE', 'BH', 'QA', 'OM', 'KW', 'EG', 'MA', 'DZ', 'TN', 'LB', 'JO', 'PS', 'IN', 'KZ', 'MD', 'UA', 'AL', 'BA', 'HR', 'ME', 'MK', 'RS', 'SI', 'KR', 'BD', 'PK', 'LK', 'GH', 'KE', 'NG', 'TZ', 'UG', 'AG', 'AM', 'BS', 'BB', 'BZ', 'BT', 'BW', 'BF', 'CV', 'CW', 'DM', 'FJ', 'GM', 'GE', 'GD', 'GW', 'GY', 'HT', 'JM', 'KI', 'LS', 'LR', 'MW', 'MV', 'ML', 'MH', 'FM', 'NA', 'NR', 'NE', 'PW', 'PG', 'PR', 'WS', 'SM', 'ST', 'SN', 'SC', 'SL', 'SB', 'KN', 'LC', 'VC', 'SR', 'TL', 'TO', 'TT', 'TV', 'VU', 'AZ', 'BN', 'BI', 'KH', 'CM', 'TD', 'KM', 'GQ', 'SZ', 'GA', 'GN', 'KG', 'LA', 'MO', 'MR', 'MN', 'NP', 'RW', 'TG', 'UZ', 'ZW', 'BJ', 'MG', 'MU', 'MZ', 'AO', 'CI', 'DJ', 'ZM', 'CD', 'CG', 'IQ', 'LY', 'TJ', 'VE', 'ET', 'XK']",https://open.spotify.com/album/5SGtrmYbIo0Dsg4kJ4qjM6,https://api.spotify.com/v1/albums/5SGtrmYbIo0Dsg4kJ4qjM6,5SGtrmYbIo0Dsg4kJ4qjM6,"[{'url': 'https://i.scdn.co/image/ab67616d0000b27309ba52a5116e0c3e8461f58b', 'width': 640, 'height': 640}, {'url': 'https://i.scdn.co/image/ab67616d00001e0209ba52a5116e0c3e8461f58b', 'width': 300, 'height': 300}, {'url': 'https://i.scdn.co/image/ab67616d0000485109ba52a5116e0c3e8461f58b', 'width': 64, 'height': 64}]",Moon Music,2024-10-04,day,10,album,spotify:album:5SGtrmYbIo0Dsg4kJ4qjM6,GBAYE2400883,https://open.spotify.com/track/3EbRbM7qyJq9qjRqDIwBTO
"[{'external_urls': {'spotify': 'https://open.spotify.com/artist/4gzpq5DPGxSnKTe4SA8HAU'}, 'href': 'https://api.spotify.com/v1/artists/4gzpq5DPGxSnKTe4SA8HAU', 'id': '4gzpq5DPGxSnKTe4SA8HAU', 'name': 'Coldplay', 'type': 'artist', 'uri': 'spotify:artist:4gzpq5DPGxSnKTe4SA8HAU'}, {'external_urls': {'spotify': 'https://open.spotify.com/artist/3ZpEKRjHaHANcpk10u6Ntq'}, 'href': 'https://api.spotify.com/v1/artists/3ZpEKRjHaHANcpk10u6Ntq', 'id': '3ZpEKRjHaHANcpk10u6Ntq', 'name': 'Ayra Starr', 'type': 'artist', 'uri': 'spotify:artist:3ZpEKRjHaHANcpk10u6Ntq'}]","['AR', 'AU', 'AT', 'BE', 'BO', 'BR', 'BG', 'CA', 'CL', 'CO', 'CR', 'CY', 'CZ', 'DK', 'DO', 'DE', 'EC', 'EE', 'SV', 'FI', 'FR', 'GR', 'GT', 'HN', 'HK', 'HU', 'IS', 'IE', 'IT', 'LV', 'LT', 'LU', 'MY', 'MT', 'MX', 'NL', 'NZ', 'NI', 'NO', 'PA', 'PY', 'PE', 'PH', 'PL', 'PT', 'SG', 'SK', 'ES', 'SE', 'CH', 'TW', 'TR', 'UY', 'US', 'GB', 'AD', 'LI', 'MC', 'ID', 'JP', 'TH', 'VN', 'RO', 'IL', 'ZA', 'SA', 'AE', 'BH', 'QA', 'OM', 'KW', 'EG', 'MA', 'DZ', 'TN', 'LB', 'JO', 'PS', 'IN', 'KZ', 'MD', 'UA', 'AL', 'BA', 'HR', 'ME', 'MK', 'RS', 'SI', 'KR', 'BD', 'PK', 'LK', 'GH', 'KE', 'NG', 'TZ', 'UG', 'AG', 'AM', 'BS', 'BB', 'BZ', 'BT', 'BW', 'BF', 'CV', 'CW', 'DM', 'FJ', 'GM', 'GE', 'GD', 'GW', 'GY', 'HT', 'JM', 'KI', 'LS', 'LR', 'MW', 'MV', 'ML', 'MH', 'FM', 'NA', 'NR', 'NE', 'PW', 'PG', 'PR', 'WS', 'SM', 'ST', 'SN', 'SC', 'SL', 'SB', 'KN', 'LC', 'VC', 'SR', 'TL', 'TO', 'TT', 'TV', 'VU', 'AZ', 'BN', 'BI', 'KH', 'CM', 'TD', 'KM', 'GQ', 'SZ', 'GA', 'GN', 'KG', 'LA', 'MO', 'MR', 'MN', 'NP', 'RW', 'TG', 'UZ', 'ZW', 'BJ', 'MG', 'MU', 'MZ', 'AO', 'CI', 'DJ', 'ZM', 'CD', 'CG', 'IQ', 'LY', 'TJ', 'VE', 'ET', 'XK']",1,217380,False,https://api.spotify.com/v1/tracks/65wzicJctsW9GwnTnLWxQO,65wzicJctsW9GwnTnLWxQO,False,GOOD FEELiNGS,64,https://p.scdn.co/mp3-preview/7d44823983be3cea93a9f5003dd48c5f30b263e6?cid=bfaf8650fa0a49fdbffc0ef34701d693,5,track,spotify:track:65wzicJctsW9GwnTnLWxQO,album,"[{'external_urls': {'spotify': 'https://open.spotify.com/artist/4gzpq5DPGxSnKTe4SA8HAU'}, 'href': 'https://api.spotify.com/v1/artists/4gzpq5DPGxSnKTe4SA8HAU', 'id': '4gzpq5DPGxSnKTe4SA8HAU', 'name': 'Coldplay', 'type': 'artist', 'uri': 'spotify:artist:4gzpq5DPGxSnKTe4SA8HAU'}]","['AR', 'AU', 'AT', 'BE', 'BO', 'BR', 'BG', 'CA', 'CL', 'CO', 'CR', 'CY', 'CZ', 'DK', 'DO', 'DE', 'EC', 'EE', 'SV', 'FI', 'FR', 'GR', 'GT', 'HN', 'HK', 'HU', 'IS', 'IE', 'IT', 'LV', 'LT', 'LU', 'MY', 'MT', 'MX', 'NL', 'NZ', 'NI', 'NO', 'PA', 'PY', 'PE', 'PH', 'PL', 'PT', 'SG', 'SK', 'ES', 'SE', 'CH', 'TW', 'TR', 'UY', 'US', 'GB', 'AD', 'LI', 'MC', 'ID', 'JP', 'TH', 'VN', 'RO', 'IL', 'ZA', 'SA', 'AE', 'BH', 'QA', 'OM', 'KW', 'EG', 'MA', 'DZ', 'TN', 'LB', 'JO', 'PS', 'IN', 'KZ', 'MD', 'UA', 'AL', 'BA', 'HR', 'ME', 'MK', 'RS', 'SI', 'KR', 'BD', 'PK', 'LK', 'GH', 'KE', 'NG', 'TZ', 'UG', 'AG', 'AM', 'BS', 'BB', 'BZ', 'BT', 'BW', 'BF', 'CV', 'CW', 'DM', 'FJ', 'GM', 'GE', 'GD', 'GW', 'GY', 'HT', 'JM', 'KI', 'LS', 'LR', 'MW', 'MV', 'ML', 'MH', 'FM', 'NA', 'NR', 'NE', 'PW', 'PG', 'PR', 'WS', 'SM', 'ST', 'SN', 'SC', 'SL', 'SB', 'KN', 'LC', 'VC', 'SR', 'TL', 'TO', 'TT', 'TV', 'VU', 'AZ', 'BN', 'BI', 'KH', 'CM', 'TD', 'KM', 'GQ', 'SZ', 'GA', 'GN', 'KG', 'LA', 'MO', 'MR', 'MN', 'NP', 'RW', 'TG', 'UZ', 'ZW', 'BJ', 'MG', 'MU', 'MZ', 'AO', 'CI', 'DJ', 'ZM', 'CD', 'CG', 'IQ', 'LY', 'TJ', 'VE', 'ET', 'XK']",https://open.spotify.com/album/5SGtrmYbIo0Dsg4kJ4qjM6,https://api.spotify.com/v1/albums/5SGtrmYbIo0Dsg4kJ4qjM6,5SGtrmYbIo0Dsg4kJ4qjM6,"[{'url': 'https://i.scdn.co/image/ab67616d0000b27309ba52a5116e0c3e8461f58b', 'width': 640, 'height': 640}, {'url': 'https://i.scdn.co/image/ab67616d00001e0209ba52a5116e0c3e8461f58b', 'width': 300, 'height': 300}, {'url': 'https://i.scdn.co/image/ab67616d0000485109ba52a5116e0c3e8461f58b', 'width': 64, 'height': 64}]",Moon Music,2024-10-04,day,10,album,spotify:album:5SGtrmYbIo0Dsg4kJ4qjM6,GBAYE2400884,https://open.spotify.com/track/65wzicJctsW9GwnTnLWxQO
"[{'external_urls': {'spotify': 'https://open.spotify.com/artist/4gzpq5DPGxSnKTe4SA8HAU'}, 'href': 'https://api.spotify.com/v1/artists/4gzpq5DPGxSnKTe4SA8HAU', 'id': '4gzpq5DPGxSnKTe4SA8HAU', 'name': 'Coldplay', 'type': 'artist', 'uri': 'spotify:artist:4gzpq5DPGxSnKTe4SA8HAU'}]","['AR', 'AU', 'AT', 'BE', 'BO', 'BR', 'BG', 'CA', 'CL', 'CO', 'CR', 'CY', 'CZ', 'DK', 'DO', 'DE', 'EC', 'EE', 'SV', 'FI', 'FR', 'GR', 'GT', 'HN', 'HK', 'HU', 'IS', 'IE', 'IT', 'LV', 'LT', 'LU', 'MY', 'MT', 'MX', 'NL', 'NZ', 'NI', 'NO', 'PA', 'PY', 'PE', 'PH', 'PL', 'PT', 'SG', 'SK', 'ES', 'SE', 'CH', 'TW', 'TR', 'UY', 'US', 'GB', 'AD', 'LI', 'MC', 'ID', 'JP', 'TH', 'VN', 'RO', 'IL', 'ZA', 'SA', 'AE', 'BH', 'QA', 'OM', 'KW', 'EG', 'MA', 'DZ', 'TN', 'LB', 'JO', 'PS', 'IN', 'KZ', 'MD', 'UA', 'AL', 'BA', 'HR', 'ME', 'MK', 'RS', 'SI', 'KR', 'BD', 'PK', 'LK', 'GH', 'KE', 'NG', 'TZ', 'UG', 'AG', 'AM', 'BS', 'BB', 'BZ', 'BT', 'BW', 'BF', 'CV', 'CW', 'DM', 'FJ', 'GM', 'GE', 'GD', 'GW', 'GY', 'HT', 'JM', 'KI', 'LS', 'LR', 'MW', 'MV', 'ML', 'MH', 'FM', 'NA', 'NR', 'NE', 'PW', 'PG', 'PR', 'WS', 'SM', 'ST', 'SN', 'SC', 'SL', 'SB', 'KN', 'LC', 'VC', 'SR', 'TL', 'TO', 'TT', 'TV', 'VU', 'AZ', 'BN', 'BI', 'KH', 'CM', 'TD', 'KM', 'GQ', 'SZ', 'GA', 'GN', 'KG', 'LA', 'MO', 'MR', 'MN', 'NP', 'RW', 'TG', 'UZ', 'ZW', 'BJ', 'MG', 'MU', 'MZ', 'AO', 'CI', 'DJ', 'ZM', 'CD', 'CG', 'IQ', 'LY', 'TJ', 'VE', 'ET', 'XK']",1,369598,False,https://api.spotify.com/v1/tracks/5lCyER2g9iYp4ozZ7iOKat,5lCyER2g9iYp4ozZ7iOKat,False,ðŸŒˆ,62,https://p.scdn.co/mp3-preview/9f2c5874171df4974879ff5ab36a8f3a70e80f8b?cid=bfaf8650fa0a49fdbffc0ef34701d693,6,track,spotify:track:5lCyER2g9iYp4ozZ7iOKat,album,"[{'external_urls': {'spotify': 'https://open.spotify.com/artist/4gzpq5DPGxSnKTe4SA8HAU'}, 'href': 'https://api.spotify.com/v1/artists/4gzpq5DPGxSnKTe4SA8HAU', 'id': '4gzpq5DPGxSnKTe4SA8HAU', 'name': 'Coldplay', 'type': 'artist', 'uri': 'spotify:artist:4gzpq5DPGxSnKTe4SA8HAU'}]","['AR', 'AU', 'AT', 'BE', 'BO', 'BR', 'BG', 'CA', 'CL', 'CO', 'CR', 'CY', 'CZ', 'DK', 'DO', 'DE', 'EC', 'EE', 'SV', 'FI', 'FR', 'GR', 'GT', 'HN', 'HK', 'HU', 'IS', 'IE', 'IT', 'LV', 'LT', 'LU', 'MY', 'MT', 'MX', 'NL', 'NZ', 'NI', 'NO', 'PA', 'PY', 'PE', 'PH', 'PL', 'PT', 'SG', 'SK', 'ES', 'SE', 'CH', 'TW', 'TR', 'UY', 'US', 'GB', 'AD', 'LI', 'MC', 'ID', 'JP', 'TH', 'VN', 'RO', 'IL', 'ZA', 'SA', 'AE', 'BH', 'QA', 'OM', 'KW', 'EG', 'MA', 'DZ', 'TN', 'LB', 'JO', 'PS', 'IN', 'KZ', 'MD', 'UA', 'AL', 'BA', 'HR', 'ME', 'MK', 'RS', 'SI', 'KR', 'BD', 'PK', 'LK', 'GH', 'KE', 'NG', 'TZ', 'UG', 'AG', 'AM', 'BS', 'BB', 'BZ', 'BT', 'BW', 'BF', 'CV', 'CW', 'DM', 'FJ', 'GM', 'GE', 'GD', 'GW', 'GY', 'HT', 'JM', 'KI', 'LS', 'LR', 'MW', 'MV', 'ML', 'MH', 'FM', 'NA', 'NR', 'NE', 'PW', 'PG', 'PR', 'WS', 'SM', 'ST', 'SN', 'SC', 'SL', 'SB', 'KN', 'LC', 'VC', 'SR', 'TL', 'TO', 'TT', 'TV', 'VU', 'AZ', 'BN', 'BI', 'KH', 'CM', 'TD', 'KM', 'GQ', 'SZ', 'GA', 'GN', 'KG', 'LA', 'MO', 'MR', 'MN', 'NP', 'RW', 'TG', 'UZ', 'ZW', 'BJ', 'MG', 'MU', 'MZ', 'AO', 'CI', 'DJ', 'ZM', 'CD', 'CG', 'IQ', 'LY', 'TJ', 'VE', 'ET', 'XK']",https://open.spotify.com/album/5SGtrmYbIo0Dsg4kJ4qjM6,https://api.spotify.com/v1/albums/5SGtrmYbIo0Dsg4kJ4qjM6,5SGtrmYbIo0Dsg4kJ4qjM6,"[{'url': 'https://i.scdn.co/image/ab67616d0000b27309ba52a5116e0c3e8461f58b', 'width': 640, 'height': 640}, {'url': 'https://i.scdn.co/image/ab67616d00001e0209ba52a5116e0c3e8461f58b', 'width': 300, 'height': 300}, {'url': 'https://i.scdn.co/image/ab67616d0000485109ba52a5116e0c3e8461f58b', 'width': 64, 'height': 64}]",Moon Music,2024-10-04,day,10,album,spotify:album:5SGtrmYbIo0Dsg4kJ4qjM6,GBAYE2400885,https://open.spotify.com/track/5lCyER2g9iYp4ozZ7iOKat
"[{'external_urls': {'spotify': 'https://open.spotify.com/artist/4gzpq5DPGxSnKTe4SA8HAU'}, 'href': 'https://api.spotify.com/v1/artists/4gzpq5DPGxSnKTe4SA8HAU', 'id': '4gzpq5DPGxSnKTe4SA8HAU', 'name': 'Coldplay', 'type': 'artist', 'uri': 'spotify:artist:4gzpq5DPGxSnKTe4SA8HAU'}]","['AR', 'AU', 'AT', 'BE', 'BO', 'BR', 'BG', 'CA', 'CL', 'CO', 'CR', 'CY', 'CZ', 'DK', 'DO', 'DE', 'EC', 'EE', 'SV', 'FI', 'FR', 'GR', 'GT', 'HN', 'HK', 'HU', 'IS', 'IE', 'IT', 'LV', 'LT', 'LU', 'MY', 'MT', 'MX', 'NL', 'NZ', 'NI', 'NO', 'PA', 'PY', 'PE', 'PH', 'PL', 'PT', 'SG', 'SK', 'ES', 'SE', 'CH', 'TW', 'TR', 'UY', 'US', 'GB', 'AD', 'LI', 'MC', 'ID', 'JP', 'TH', 'VN', 'RO', 'IL', 'ZA', 'SA', 'AE', 'BH', 'QA', 'OM', 'KW', 'EG', 'MA', 'DZ', 'TN', 'LB', 'JO', 'PS', 'IN', 'KZ', 'MD', 'UA', 'AL', 'BA', 'HR', 'ME', 'MK', 'RS', 'SI', 'KR', 'BD', 'PK', 'LK', 'GH', 'KE', 'NG', 'TZ', 'UG', 'AG', 'AM', 'BS', 'BB', 'BZ', 'BT', 'BW', 'BF', 'CV', 'CW', 'DM', 'FJ', 'GM', 'GE', 'GD', 'GW', 'GY', 'HT', 'JM', 'KI', 'LS', 'LR', 'MW', 'MV', 'ML', 'MH', 'FM', 'NA', 'NR', 'NE', 'PW', 'PG', 'PR', 'WS', 'SM', 'ST', 'SN', 'SC', 'SL', 'SB', 'KN', 'LC', 'VC', 'SR', 'TL', 'TO', 'TT', 'TV', 'VU', 'AZ', 'BN', 'BI', 'KH', 'CM', 'TD', 'KM', 'GQ', 'SZ', 'GA', 'GN', 'KG', 'LA', 'MO', 'MR', 'MN', 'NP', 'RW', 'TG', 'UZ', 'ZW', 'BJ', 'MG', 'MU', 'MZ', 'AO', 'CI', 'DJ', 'ZM', 'CD', 'CG', 'IQ', 'LY', 'TJ', 'VE', 'ET', 'XK']",1,183371,False,https://api.spotify.com/v1/tracks/1uwmf1x4LQLGv1P1xjJFYk,1uwmf1x4LQLGv1P1xjJFYk,False,iAAM,62,https://p.scdn.co/mp3-preview/32fbbe4c0d59ba4034d7f18673378f25cef10d7e?cid=bfaf8650fa0a49fdbffc0ef34701d693,7,track,spotify:track:1uwmf1x4LQLGv1P1xjJFYk,album,"[{'external_urls': {'spotify': 'https://open.spotify.com/artist/4gzpq5DPGxSnKTe4SA8HAU'}, 'href': 'https://api.spotify.com/v1/artists/4gzpq5DPGxSnKTe4SA8HAU', 'id': '4gzpq5DPGxSnKTe4SA8HAU', 'name': 'Coldplay', 'type': 'artist', 'uri': 'spotify:artist:4gzpq5DPGxSnKTe4SA8HAU'}]","['AR', 'AU', 'AT', 'BE', 'BO', 'BR', 'BG', 'CA', 'CL', 'CO', 'CR', 'CY', 'CZ', 'DK', 'DO', 'DE', 'EC', 'EE', 'SV', 'FI', 'FR', 'GR', 'GT', 'HN', 'HK', 'HU', 'IS', 'IE', 'IT', 'LV', 'LT', 'LU', 'MY', 'MT', 'MX', 'NL', 'NZ', 'NI', 'NO', 'PA', 'PY', 'PE', 'PH', 'PL', 'PT', 'SG', 'SK', 'ES', 'SE', 'CH', 'TW', 'TR', 'UY', 'US', 'GB', 'AD', 'LI', 'MC', 'ID', 'JP', 'TH', 'VN', 'RO', 'IL', 'ZA', 'SA', 'AE', 'BH', 'QA', 'OM', 'KW', 'EG', 'MA', 'DZ', 'TN', 'LB', 'JO', 'PS', 'IN', 'KZ', 'MD', 'UA', 'AL', 'BA', 'HR', 'ME', 'MK', 'RS', 'SI', 'KR', 'BD', 'PK', 'LK', 'GH', 'KE', 'NG', 'TZ', 'UG', 'AG', 'AM', 'BS', 'BB', 'BZ', 'BT', 'BW', 'BF', 'CV', 'CW', 'DM', 'FJ', 'GM', 'GE', 'GD', 'GW', 'GY', 'HT', 'JM', 'KI', 'LS', 'LR', 'MW', 'MV', 'ML', 'MH', 'FM', 'NA', 'NR', 'NE', 'PW', 'PG', 'PR', 'WS', 'SM', 'ST', 'SN', 'SC', 'SL', 'SB', 'KN', 'LC', 'VC', 'SR', 'TL', 'TO', 'TT', 'TV', 'VU', 'AZ', 'BN', 'BI', 'KH', 'CM', 'TD', 'KM', 'GQ', 'SZ', 'GA', 'GN', 'KG', 'LA', 'MO', 'MR', 'MN', 'NP', 'RW', 'TG', 'UZ', 'ZW', 'BJ', 'MG', 'MU', 'MZ', 'AO', 'CI', 'DJ', 'ZM', 'CD', 'CG', 'IQ', 'LY', 'TJ', 'VE', 'ET', 'XK']",https://open.spotify.com/album/5SGtrmYbIo0Dsg4kJ4qjM6,https://api.spotify.com/v1/albums/5SGtrmYbIo0Dsg4kJ4qjM6,5SGtrmYbIo0Dsg4kJ4qjM6,"[{'url': 'https://i.scdn.co/image/ab67616d0000b27309ba52a5116e0c3e8461f58b', 'width': 640, 'height': 640}, {'url': 'https://i.scdn.co/image/ab67616d00001e0209ba52a5116e0c3e8461f58b', 'width': 300, 'height': 300}, {'url': 'https://i.scdn.co/image/ab67616d0000485109ba52a5116e0c3e8461f58b', 'width': 64, 'height': 64}]",Moon Music,2024-10-04,day,10,album,spotify:album:5SGtrmYbIo0Dsg4kJ4qjM6,GBAYE2400886,https://open.spotify.com/track/1uwmf1x4LQLGv1P1xjJFYk
"[{'external_urls': {'spotify': 'https://open.spotify.com/artist/4gzpq5DPGxSnKTe4SA8HAU'}, 'href': 'https://api.spotify.com/v1/artists/4gzpq5DPGxSnKTe4SA8HAU', 'id': '4gzpq5DPGxSnKTe4SA8HAU', 'name': 'Coldplay', 'type': 'artist', 'uri': 'spotify:artist:4gzpq5DPGxSnKTe4SA8HAU'}]","['AR', 'AU', 'AT', 'BE', 'BO', 'BR', 'BG', 'CA', 'CL', 'CO', 'CR', 'CY', 'CZ', 'DK', 'DO', 'DE', 'EC', 'EE', 'SV', 'FI', 'FR', 'GR', 'GT', 'HN', 'HK', 'HU', 'IS', 'IE', 'IT', 'LV', 'LT', 'LU', 'MY', 'MT', 'MX', 'NL', 'NZ', 'NI', 'NO', 'PA', 'PY', 'PE', 'PH', 'PL', 'PT', 'SG', 'SK', 'ES', 'SE', 'CH', 'TW', 'TR', 'UY', 'US', 'GB', 'AD', 'LI', 'MC', 'ID', 'JP', 'TH', 'VN', 'RO', 'IL', 'ZA', 'SA', 'AE', 'BH', 'QA', 'OM', 'KW', 'EG', 'MA', 'DZ', 'TN', 'LB', 'JO', 'PS', 'IN', 'KZ', 'MD', 'UA', 'AL', 'BA', 'HR', 'ME', 'MK', 'RS', 'SI', 'KR', 'BD', 'PK', 'LK', 'GH', 'KE', 'NG', 'TZ', 'UG', 'AG', 'AM', 'BS', 'BB', 'BZ', 'BT', 'BW', 'BF', 'CV', 'CW', 'DM', 'FJ', 'GM', 'GE', 'GD', 'GW', 'GY', 'HT', 'JM', 'KI', 'LS', 'LR', 'MW', 'MV', 'ML', 'MH', 'FM', 'NA', 'NR', 'NE', 'PW', 'PG', 'PR', 'WS', 'SM', 'ST', 'SN', 'SC', 'SL', 'SB', 'KN', 'LC', 'VC', 'SR', 'TL', 'TO', 'TT', 'TV', 'VU', 'AZ', 'BN', 'BI', 'KH', 'CM', 'TD', 'KM', 'GQ', 'SZ', 'GA', 'GN', 'KG', 'LA', 'MO', 'MR', 'MN', 'NP', 'RW', 'TG', 'UZ', 'ZW', 'BJ', 'MG', 'MU', 'MZ', 'AO', 'CI', 'DJ', 'ZM', 'CD', 'CG', 'IQ', 'LY', 'TJ', 'VE', 'ET', 'XK']",1,253028,False,https://api.spotify.com/v1/tracks/4EGl6H86WFalKVWSXbheb2,4EGl6H86WFalKVWSXbheb2,False,AETERNA,61,https://p.scdn.co/mp3-preview/3c20ceb631c77c0f1d82de5c17ad25f45ff4b46d?cid=bfaf8650fa0a49fdbffc0ef34701d693,8,track,spotify:track:4EGl6H86WFalKVWSXbheb2,album,"[{'external_urls': {'spotify': 'https://open.spotify.com/artist/4gzpq5DPGxSnKTe4SA8HAU'}, 'href': 'https://api.spotify.com/v1/artists/4gzpq5DPGxSnKTe4SA8HAU', 'id': '4gzpq5DPGxSnKTe4SA8HAU', 'name': 'Coldplay', 'type': 'artist', 'uri': 'spotify:artist:4gzpq5DPGxSnKTe4SA8HAU'}]","['AR', 'AU', 'AT', 'BE', 'BO', 'BR', 'BG', 'CA', 'CL', 'CO', 'CR', 'CY', 'CZ', 'DK', 'DO', 'DE', 'EC', 'EE', 'SV', 'FI', 'FR', 'GR', 'GT', 'HN', 'HK', 'HU', 'IS', 'IE', 'IT', 'LV', 'LT', 'LU', 'MY', 'MT', 'MX', 'NL', 'NZ', 'NI', 'NO', 'PA', 'PY', 'PE', 'PH', 'PL', 'PT', 'SG', 'SK', 'ES', 'SE', 'CH', 'TW', 'TR', 'UY', 'US', 'GB', 'AD', 'LI', 'MC', 'ID', 'JP', 'TH', 'VN', 'RO', 'IL', 'ZA', 'SA', 'AE', 'BH', 'QA', 'OM', 'KW', 'EG', 'MA', 'DZ', 'TN', 'LB', 'JO', 'PS', 'IN', 'KZ', 'MD', 'UA', 'AL', 'BA', 'HR', 'ME', 'MK', 'RS', 'SI', 'KR', 'BD', 'PK', 'LK', 'GH', 'KE', 'NG', 'TZ', 'UG', 'AG', 'AM', 'BS', 'BB', 'BZ', 'BT', 'BW', 'BF', 'CV', 'CW', 'DM', 'FJ', 'GM', 'GE', 'GD', 'GW', 'GY', 'HT', 'JM', 'KI', 'LS', 'LR', 'MW', 'MV', 'ML', 'MH', 'FM', 'NA', 'NR', 'NE', 'PW', 'PG', 'PR', 'WS', 'SM', 'ST', 'SN', 'SC', 'SL', 'SB', 'KN', 'LC', 'VC', 'SR', 'TL', 'TO', 'TT', 'TV', 'VU', 'AZ', 'BN', 'BI', 'KH', 'CM', 'TD', 'KM', 'GQ', 'SZ', 'GA', 'GN', 'KG', 'LA', 'MO', 'MR', 'MN', 'NP', 'RW', 'TG', 'UZ', 'ZW', 'BJ', 'MG', 'MU', 'MZ', 'AO', 'CI', 'DJ', 'ZM', 'CD', 'CG', 'IQ', 'LY', 'TJ', 'VE', 'ET', 'XK']",https://open.spotify.com/album/5SGtrmYbIo0Dsg4kJ4qjM6,https://api.spotify.com/v1/albums/5SGtrmYbIo0Dsg4kJ4qjM6,5SGtrmYbIo0Dsg4kJ4qjM6,"[{'url': 'https://i.scdn.co/image/ab67616d0000b27309ba52a5116e0c3e8461f58b', 'width': 640, 'height': 640}, {'url': 'https://i.scdn.co/image/ab67616d00001e0209ba52a5116e0c3e8461f58b', 'width': 300, 'height': 300}, {'url': 'https://i.scdn.co/image/ab67616d0000485109ba52a5116e0c3e8461f58b', 'width': 64, 'height': 64}]",Moon Music,2024-10-04,day,10,album,spotify:album:5SGtrmYbIo0Dsg4kJ4qjM6,GBAYE2400887,https://open.spotify.com/track/4EGl6H86WFalKVWSXbheb2
"[{'external_urls': {'spotify': 'https://open.spotify.com/artist/4gzpq5DPGxSnKTe4SA8HAU'}, 'href': 'https://api.spotify.com/v1/artists/4gzpq5DPGxSnKTe4SA8HAU', 'id': '4gzpq5DPGxSnKTe4SA8HAU', 'name': 'Coldplay', 'type': 'artist', 'uri': 'spotify:artist:4gzpq5DPGxSnKTe4SA8HAU'}]","['AR', 'AU', 'AT', 'BE', 'BO', 'BR', 'BG', 'CA', 'CL', 'CO', 'CR', 'CY', 'CZ', 'DK', 'DO', 'DE', 'EC', 'EE', 'SV', 'FI', 'FR', 'GR', 'GT', 'HN', 'HK', 'HU', 'IS', 'IE', 'IT', 'LV', 'LT', 'LU', 'MY', 'MT', 'MX', 'NL', 'NZ', 'NI', 'NO', 'PA', 'PY', 'PE', 'PH', 'PL', 'PT', 'SG', 'SK', 'ES', 'SE', 'CH', 'TW', 'TR', 'UY', 'US', 'GB', 'AD', 'LI', 'MC', 'ID', 'JP', 'TH', 'VN', 'RO', 'IL', 'ZA', 'SA', 'AE', 'BH', 'QA', 'OM', 'KW', 'EG', 'MA', 'DZ', 'TN', 'LB', 'JO', 'PS', 'IN', 'KZ', 'MD', 'UA', 'AL', 'BA', 'HR', 'ME', 'MK', 'RS', 'SI', 'KR', 'BD', 'PK', 'LK', 'GH', 'KE', 'NG', 'TZ', 'UG', 'AG', 'AM', 'BS', 'BB', 'BZ', 'BT', 'BW', 'BF', 'CV', 'CW', 'DM', 'FJ', 'GM', 'GE', 'GD', 'GW', 'GY', 'HT', 'JM', 'KI', 'LS', 'LR', 'MW', 'MV', 'ML', 'MH', 'FM', 'NA', 'NR', 'NE', 'PW', 'PG', 'PR', 'WS', 'SM', 'ST', 'SN', 'SC', 'SL', 'SB', 'KN', 'LC', 'VC', 'SR', 'TL', 'TO', 'TT', 'TV', 'VU', 'AZ', 'BN', 'BI', 'KH', 'CM', 'TD', 'KM', 'GQ', 'SZ', 'GA', 'GN', 'KG', 'LA', 'MO', 'MR', 'MN', 'NP', 'RW', 'TG', 'UZ', 'ZW', 'BJ', 'MG', 'MU', 'MZ', 'AO', 'CI', 'DJ', 'ZM', 'CD', 'CG', 'IQ', 'LY', 'TJ', 'VE', 'ET', 'XK']",1,222647,False,https://api.spotify.com/v1/tracks/6iYxkBHyMpsgVxUgfy5fSx,6iYxkBHyMpsgVxUgfy5fSx,False,ALL MY LOVE,67,https://p.scdn.co/mp3-preview/0b49a29783a9366fb5a23490278523852f905d55?cid=bfaf8650fa0a49fdbffc0ef34701d693,9,track,spotify:track:6iYxkBHyMpsgVxUgfy5fSx,album,"[{'external_urls': {'spotify': 'https://open.spotify.com/artist/4gzpq5DPGxSnKTe4SA8HAU'}, 'href': 'https://api.spotify.com/v1/artists/4gzpq5DPGxSnKTe4SA8HAU', 'id': '4gzpq5DPGxSnKTe4SA8HAU', 'name': 'Coldplay', 'type': 'artist', 'uri': 'spotify:artist:4gzpq5DPGxSnKTe4SA8HAU'}]","['AR', 'AU', 'AT', 'BE', 'BO', 'BR', 'BG', 'CA', 'CL', 'CO', 'CR', 'CY', 'CZ', 'DK', 'DO', 'DE', 'EC', 'EE', 'SV', 'FI', 'FR', 'GR', 'GT', 'HN', 'HK', 'HU', 'IS', 'IE', 'IT', 'LV', 'LT', 'LU', 'MY', 'MT', 'MX', 'NL', 'NZ', 'NI', 'NO', 'PA', 'PY', 'PE', 'PH', 'PL', 'PT', 'SG', 'SK', 'ES', 'SE', 'CH', 'TW', 'TR', 'UY', 'US', 'GB', 'AD', 'LI', 'MC', 'ID', 'JP', 'TH', 'VN', 'RO', 'IL', 'ZA', 'SA', 'AE', 'BH', 'QA', 'OM', 'KW', 'EG', 'MA', 'DZ', 'TN', 'LB', 'JO', 'PS', 'IN', 'KZ', 'MD', 'UA', 'AL', 'BA', 'HR', 'ME', 'MK', 'RS', 'SI', 'KR', 'BD', 'PK', 'LK', 'GH', 'KE', 'NG', 'TZ', 'UG', 'AG', 'AM', 'BS', 'BB', 'BZ', 'BT', 'BW', 'BF', 'CV', 'CW', 'DM', 'FJ', 'GM', 'GE', 'GD', 'GW', 'GY', 'HT', 'JM', 'KI', 'LS', 'LR', 'MW', 'MV', 'ML', 'MH', 'FM', 'NA', 'NR', 'NE', 'PW', 'PG', 'PR', 'WS', 'SM', 'ST', 'SN', 'SC', 'SL', 'SB', 'KN', 'LC', 'VC', 'SR', 'TL', 'TO', 'TT', 'TV', 'VU', 'AZ', 'BN', 'BI', 'KH', 'CM', 'TD', 'KM', 'GQ', 'SZ', 'GA', 'GN', 'KG', 'LA', 'MO', 'MR', 'MN', 'NP', 'RW', 'TG', 'UZ', 'ZW', 'BJ', 'MG', 'MU', 'MZ', 'AO', 'CI', 'DJ', 'ZM', 'CD', 'CG', 'IQ', 'LY', 'TJ', 'VE', 'ET', 'XK']",https://open.spotify.com/album/5SGtrmYbIo0Dsg4kJ4qjM6,https://api.spotify.com/v1/albums/5SGtrmYbIo0Dsg4kJ4qjM6,5SGtrmYbIo0Dsg4kJ4qjM6,"[{'url': 'https://i.scdn.co/image/ab67616d0000b27309ba52a5116e0c3e8461f58b', 'width': 640, 'height': 640}, {'url': 'https://i.scdn.co/image/ab67616d00001e0209ba52a5116e0c3e8461f58b', 'width': 300, 'height': 300}, {'url': 'https://i.scdn.co/image/ab67616d0000485109ba52a5116e0c3e8461f58b', 'width': 64, 'height': 64}]",Moon Music,2024-10-04,day,10,album,spotify:album:5SGtrmYbIo0Dsg4kJ4qjM6,GBAYE2400888,https://open.spotify.com/track/6iYxkBHyMpsgVxUgfy5fSx
"[{'external_urls': {'spotify': 'https://open.spotify.com/artist/4gzpq5DPGxSnKTe4SA8HAU'}, 'href': 'https://api.spotify.com/v1/artists/4gzpq5DPGxSnKTe4SA8HAU', 'id': '4gzpq5DPGxSnKTe4SA8HAU', 'name': 'Coldplay', 'type': 'artist', 'uri': 'spotify:artist:4gzpq5DPGxSnKTe4SA8HAU'}]","['AR', 'AU', 'AT', 'BE', 'BO', 'BR', 'BG', 'CA', 'CL', 'CO', 'CR', 'CY', 'CZ', 'DK', 'DO', 'DE', 'EC', 'EE', 'SV', 'FI', 'FR', 'GR', 'GT', 'HN', 'HK', 'HU', 'IS', 'IE', 'IT', 'LV', 'LT', 'LU', 'MY', 'MT', 'MX', 'NL', 'NZ', 'NI', 'NO', 'PA', 'PY', 'PE', 'PH', 'PL', 'PT', 'SG', 'SK', 'ES', 'SE', 'CH', 'TW', 'TR', 'UY', 'US', 'GB', 'AD', 'LI', 'MC', 'ID', 'JP', 'TH', 'VN', 'RO', 'IL', 'ZA', 'SA', 'AE', 'BH', 'QA', 'OM', 'KW', 'EG', 'MA', 'DZ', 'TN', 'LB', 'JO', 'PS', 'IN', 'KZ', 'MD', 'UA', 'AL', 'BA', 'HR', 'ME', 'MK', 'RS', 'SI', 'KR', 'BD', 'PK', 'LK', 'GH', 'KE', 'NG', 'TZ', 'UG', 'AG', 'AM', 'BS', 'BB', 'BZ', 'BT', 'BW', 'BF', 'CV', 'CW', 'DM', 'FJ', 'GM', 'GE', 'GD', 'GW', 'GY', 'HT', 'JM', 'KI', 'LS', 'LR', 'MW', 'MV', 'ML', 'MH', 'FM', 'NA', 'NR', 'NE', 'PW', 'PG', 'PR', 'WS', 'SM', 'ST', 'SN', 'SC', 'SL', 'SB', 'KN', 'LC', 'VC', 'SR', 'TL', 'TO', 'TT', 'TV', 'VU', 'AZ', 'BN', 'BI', 'KH', 'CM', 'TD', 'KM', 'GQ', 'SZ', 'GA', 'GN', 'KG', 'LA', 'MO', 'MR', 'MN', 'NP', 'RW', 'TG', 'UZ', 'ZW', 'BJ', 'MG', 'MU', 'MZ', 'AO', 'CI', 'DJ', 'ZM', 'CD', 'CG', 'IQ', 'LY', 'TJ', 'VE', 'ET', 'XK']",1,407656,False,https://api.spotify.com/v1/tracks/7HFJpnjKUS7LGl8NiyfUE3,7HFJpnjKUS7LGl8NiyfUE3,False,ONE WORLD,60,https://p.scdn.co/mp3-preview/e3a242b29155edf6d37ec408359a63c9267bfe0b?cid=bfaf8650fa0a49fdbffc0ef34701d693,10,track,spotify:track:7HFJpnjKUS7LGl8NiyfUE3,album,"[{'external_urls': {'spotify': 'https://open.spotify.com/artist/4gzpq5DPGxSnKTe4SA8HAU'}, 'href': 'https://api.spotify.com/v1/artists/4gzpq5DPGxSnKTe4SA8HAU', 'id': '4gzpq5DPGxSnKTe4SA8HAU', 'name': 'Coldplay', 'type': 'artist', 'uri': 'spotify:artist:4gzpq5DPGxSnKTe4SA8HAU'}]","['AR', 'AU', 'AT', 'BE', 'BO', 'BR', 'BG', 'CA', 'CL', 'CO', 'CR', 'CY', 'CZ', 'DK', 'DO', 'DE', 'EC', 'EE', 'SV', 'FI', 'FR', 'GR', 'GT', 'HN', 'HK', 'HU', 'IS', 'IE', 'IT', 'LV', 'LT', 'LU', 'MY', 'MT', 'MX', 'NL', 'NZ', 'NI', 'NO', 'PA', 'PY', 'PE', 'PH', 'PL', 'PT', 'SG', 'SK', 'ES', 'SE', 'CH', 'TW', 'TR', 'UY', 'US', 'GB', 'AD', 'LI', 'MC', 'ID', 'JP', 'TH', 'VN', 'RO', 'IL', 'ZA', 'SA', 'AE', 'BH', 'QA', 'OM', 'KW', 'EG', 'MA', 'DZ', 'TN', 'LB', 'JO', 'PS', 'IN', 'KZ', 'MD', 'UA', 'AL', 'BA', 'HR', 'ME', 'MK', 'RS', 'SI', 'KR', 'BD', 'PK', 'LK', 'GH', 'KE', 'NG', 'TZ', 'UG', 'AG', 'AM', 'BS', 'BB', 'BZ', 'BT', 'BW', 'BF', 'CV', 'CW', 'DM', 'FJ', 'GM', 'GE', 'GD', 'GW', 'GY', 'HT', 'JM', 'KI', 'LS', 'LR', 'MW', 'MV', 'ML', 'MH', 'FM', 'NA', 'NR', 'NE', 'PW', 'PG', 'PR', 'WS', 'SM', 'ST', 'SN', 'SC', 'SL', 'SB', 'KN', 'LC', 'VC', 'SR', 'TL', 'TO', 'TT', 'TV', 'VU', 'AZ', 'BN', 'BI', 'KH', 'CM', 'TD', 'KM', 'GQ', 'SZ', 'GA', 'GN', 'KG', 'LA', 'MO', 'MR', 'MN', 'NP', 'RW', 'TG', 'UZ', 'ZW', 'BJ', 'MG', 'MU', 'MZ', 'AO', 'CI', 'DJ', 'ZM', 'CD', 'CG', 'IQ', 'LY', 'TJ', 'VE', 'ET', 'XK']",https://open.spotify.com/album/5SGtrmYbIo0Dsg4kJ4qjM6,https://api.spotify.com/v1/albums/5SGtrmYbIo0Dsg4kJ4qjM6,5SGtrmYbIo0Dsg4kJ4qjM6,"[{'url': 'https://i.scdn.co/image/ab67616d0000b27309ba52a5116e0c3e8461f58b', 'width': 640, 'height': 640}, {'url': 'https://i.scdn.co/image/ab67616d00001e0209ba52a5116e0c3e8461f58b', 'width': 300, 'height': 300}, {'url': 'https://i.scdn.co/image/ab67616d0000485109ba52a5116e0c3e8461f58b', 'width': 64, 'height': 64}]",Moon Music,2024-10-04,day,10,album,spotify:album:5SGtrmYbIo0Dsg4kJ4qjM6,GBAYE2400889,https://open.spotify.com/track/7HFJpnjKUS7LGl8NiyfUE3
